Id;Date de naissance;CDD/CDI;Corps;id_Famille
1;05/03/1951;CDI;IR;SONTEL
2;02/04/1953;CDI;T;ACC
3;23/07/1956;CDI;IE;MAN
4;14/09/1956;CDI;IE;PRODI
5;13/12/1956;CDI;IE;COM
6;21/06/1960;CDI;ATR;GESACH
7;10/08/1962;CDI;IR;CHAUF
8;06/08/1963;CDI;IE;BIB
9;01/10/1965;CDI;IE;CHAUF
10;17/01/1966;CDI;IE;GESA
11;05/08/1966;CDI;IE;VAL
12;08/02/1971;CDI;IE;INGDI
13;06/04/1973;CDI;IR;GESFDD
14;08/10/1974;CDI;T;GESR
15;26/05/1978;CDI;IR;PROSP
16;08/03/1979;CDD;T;HAL
17;25/03/1980;CDI;T;GESA
18;25/11/1980;CDI;IE;INGDOC
19;05/10/1983;CDI;AI;HAL
20;16/12/1983;CDD;IR;DEVRH
21;09/02/1950;CDI;T;PRODI
22;26/11/1953;CDI;ATR;NUM
23;11/05/1955;CDI;T;TDM
24;04/08/1955;CDI;IR;ANISCI
25;12/12/1956;CDI;IE;STAT
26;22/06/1960;CDI;IR;HAL
27;25/08/1963;CDD;AI;ADM
28;20/11/1964;CDD;IE;GESACH
29;27/09/1966;CDD;AI;INGDOC
30;03/06/1967;CDI;IR;TDM
31;04/06/1950;CDI;IE;INGDI
32;14/04/1950;CDI;T;TERM
33;27/10/1955;CDI;AI;ASSUTI
34;07/04/1956;CDI;T;VEIL
35;15/11/1956;CDI;IE;INGDI
36;28/12/1956;CDI;AI;TRAD
37;29/01/1957;CDI;T;INTWEB
38;08/11/1959;CDI;IE;INTWEB
39;14/06/1960;CDI;T;GESA
40;28/09/1962;CDI;IE;CHAUF
41;16/08/1963;CDI;IR;GESA
42;23/01/1964;CDI;IR;ADM
43;06/01/1967;CDI;IE;PILDI
44;13/04/1967;CDI;IR;ASSUTI
45;11/10/1968;CDI;ATR;EDNUM
46;18/02/1969;CDI;IR;GESA
47;14/08/1972;CDI;IR;MAN
48;03/12/1974;CDI;IR;STAT
49;09/12/1974;CDI;IR;VAL
50;09/01/1979;CDD;IR;ANISCI
51;18/03/1979;CDI;IE;GESACH
52;12/04/1979;CDI;AI;NUM
53;06/07/1980;CDI;IE;HAL
54;26/12/1983;CDI;T;CHAUF
55;12/10/1987;CDI;T;INGDOC
56;27/03/1989;CDI;T;BURINF
57;04/06/1950;CDD;IE;STAT
58;13/06/1950;CDI;IR;PILDI
59;11/01/1951;CDI;AI;COM
60;09/11/1951;CDD;IR;ASSUTI
61;18/06/1952;CDD;IE;GESA
62;19/02/1954;CDI;T;WEB
63;16/10/1954;CDI;AI;GESR
64;22/04/1956;CDI;IR;SONTEL
65;07/11/1961;CDI;ATR ;HAL
66;22/08/1965;CDI;T;VEIL
67;17/06/1968;CDD;AI;SECRED
68;28/02/1969;CDI;T;SONTEL
69;29/11/1972;CDI;AI;INGDI
70;02/06/1975;CDI;T;PILDI
71;08/08/1977;CDI;IE;PROSP
72;11/09/1978;CDI;IE;GESFDD
73;25/01/1980;CDI;IR;BURINF
74;22/02/1980;CDI;IE;INGDOC
75;14/03/1951;CDI;IR;DEVRH
76;05/01/1953;CDI;T;WEB
77;03/01/1954;CDI;T;INTWEB
78;03/02/1954;CDI;T;VEIL
79;26/02/1957;CDI;IR;ELECT
80;12/07/1960;CDI;IR;INGPED
81;28/02/1961;CDI;IR;ACC
82;29/05/1961;CDI;IE;INGPED
83;31/01/1962;CDI;T;TRAD
84;12/04/1963;CDI;T;INTWEB
85;07/03/1965;CDI;IE;VAL
86;07/10/1968;CDI;ATR;NEG
87;22/12/1968;CDI;IE;JUR
88;16/03/1970;CDI;IR;JUR
89;03/03/1971;CDI;IR;VEIDOC
90;29/09/1971;CDI;IE;GESFDD
91;20/12/1971;CDI;IE;INGDI
92;29/09/1972;CDI;IE;NUM
93;04/06/1973;CDI;IE;PILDI
94;09/02/1979;CDI;IE;ADM
95;19/07/1979;CDI;T;ELECT
96;21/06/1981;CDI;T;SECRED
97;07/04/1988;CDI;IR;ASSUTI
98;27/12/1988;CDI;AI;BURINF
99;30/03/1990;CDI;T;GESACH
100; 28/12/1966;CDI;AI;CHAUF
101; 23/05/1966;CDI;T;WEB
102; 04/01/1967;CDI;IE;TDM
103; 24/04/1960;CDI;AI;BIB
104;17/03/1950;CDI;T;ANISCI
105;28/04/1953;CDI;AI;COM
106;23/06/1953;CDI;T;NEG
107;18/11/1953;CDI;IR;VAL
108;29/12/1953;CDI;AI;EDNUM
109;30/12/1954;CDI;IR;BIB
110;13/05/1956;CDI;IE;BIB
111;22/05/1957;CDI;IE;INGDOC
112;15/10/1957;CDI;IR;GESACH
113;20/02/1959;CDI;T;DEVRH
114;20/04/1963;CDI;IR;TERM
115;05/10/1963;CDI;IE;EDNUM
116;07/11/1966;CDI;IE;SECRED
117;26/01/1969;CDI;IE;TDM
118;26/06/1973;CDI;IR;ANISCI
119;14/09/1976;CDI;IE;COM
120;28/10/1976;CDI;IE;BURINF
121;04/11/1976;CDI;ATR;TERM
122;09/07/1978;CDI;IE;VEIDOC
123;15/01/1981;CDI;IE;NUM
124;04/05/1982;CDI;T;NEG
125;30/04/1983;CDI;IR;TDM
126;18/01/1952;CDI;T;GESFDD
127;10/09/1954;CDI;AI;COM
128;04/12/1958;CDI;T;PRODI
129;17/06/1959;CDI;T;ELECT
130;01/01/1964;CDI;IE;VEIDOC
131;22/06/1967;CDI;IE;TERM
132;13/12/1967;CDI;IR;BURINF
133;17/03/1970;CDI;IE;VEIDOC
134;24/10/1972;CDI;IR;ACC
135;10/09/1974;CDI;AI;DEVRH
136;04/08/1975;CDI;T;GESACH
137;03/03/1978;CDI;IE;TRAD
138;04/05/1979;CDI;IE;ACC
139;09/06/1979;CDI;IE;PRODI
140;03/01/1951;CDI;IR;ANISCI
141;27/08/1951;CDI;IE;MAN
142;15/03/1952;CDI;ATR;BURINF
143;29/03/1953;CDI;IE;SONTEL
144;21/10/1953;CDI;IE;PILDI
145;23/10/1955;CDI;AI;DEVRH
146;05/10/1966;CDI;IR;TRAD
147;09/10/1967;CDI;IR;JUR
148;03/07/1969;CDI;AI;GESFDD
149;07/09/1969;CDI;ATR;ACC
150;25/09/1969;CDD;IR;INGDOC
151;21/03/1972;CDI;IR;ELECT
152;04/10/1972;CDI;IR;JUR
153;03/01/1973;CDI;IR;GESR
154;29/12/1973;CDI;IE;ADM
155;27/07/1975;CDI;IE;ADM
156;23/05/1981;CDI;AI;GESFDD
157;29/04/1983;CDI;AI;INGDI
158;23/07/1983;CDI;IE;PROSP
159;03/01/1951;CDI;T;ASSUTI
160;27/08/1951;CDI;IE;HAL
161;15/03/1952;CDI;ATR;BIB
162;29/03/1953;CDI;T;DEVRH
163;21/10/1953;CDI;IE;MAN
164;23/10/1955;CDI;IE;GESR
165;05/10/1966;CDI;IE;VEIL
166;09/10/1967;CDI;IE;PRODI
167;03/07/1969;CDI;AI;WEB
168;07/09/1969;CDI;AI;PROSP
169;25/09/1969;CDI;T;MAN
170;21/03/1972;CDI;AI;PROSP
171;04/10/1972;CDI;T;STAT
172;03/01/1951;CDI;IE;INGPED
173;27/08/1951;CDD;T;ACC
174;15/03/1952;CDI;IR;VAL
175;29/03/1953;CDI;IR;WEB
176;21/10/1953;CDI;IR;INTWEB
177;23/10/1955;CDI;ATR;EDNUM
178;05/10/1966;CDI;IR;SECRED
179;09/10/1967;CDI;IR;VEIL
180;03/07/1969;CDI;IR;COM
181;19/05/1951;CDI;AI;CHAUF
182;21/12/1951;CDI;IE;SONTEL
183;02/03/1952;CDI;IE;ASSUTI
184;07/04/1952;CDI;IE;NEG
185;01/07/1955;CDI;T;STAT
186;11/02/1957;CDI;IR;ANISCI
187;11/08/1957;CDI;IE;NEG
188;24/07/1960;CDI;IE;NUM
189;04/01/1961;CDI;IR;INGPED
190;28/12/1961;CDI;IE;GESR
191;05/09/1962;CDI;IE;BIB
192;28/11/1962;CDI;IE;EDNUM
193;29/12/1962;CDI;ATR;JUR
194;23/05/1964;CDI;IR;VEIDOC
195;17/11/1965;CDI;ATR;ADM
196;02/01/1967;CDI;IR;TERM
197;25/09/1968;CDI;IE;EDNUM
198;20/07/1969;CDI;IE;INGPED
199;12/09/1970;CDI;AI;SECRED
200;29/12/1972;CDI;IE;ELECT
201;16/11/1981;CDI;IR;GESR
202;14/01/1984;CDI;IR;ELECT
203;05/03/1986;CDI;T;TRAD
